name,mlb_player_id,position,games_played,games_started
David Peralta,444482,LF,9,4
Charlie Blackmon,453568,OF,25,23
Charlie Blackmon,453568,RF,25,23
Martín Maldonado,455117,C,48,46
Donovan Solano,456781,2B,1,0
Andrew McCutchen,457705,OF,5,2
Andrew McCutchen,457705,RF,5,2
Justin Turner,457759,3B,6,4
Miguel Rojas,500743,1B,1,0
Miguel Rojas,500743,2B,13,11
Miguel Rojas,500743,3B,11,8
Ehire Adrianza,501303,2B,2,2
Ehire Adrianza,501303,3B,6,4
Tommy Pham,502054,CF,30,28
Garrett Stubbs,596117,C,50,45
DJ LeMahieu,518934,1B,38,21
DJ LeMahieu,518934,3B,36,34
Wilmer Flores,527038,1B,56,42
Wilmer Flores,527038,3B,2,2
Avisaíl García,541645,OF,16,13
Avisaíl García,541645,RF,16,13
Rafael Ortega,542364,CF,11,4
Rafael Ortega,542364,OF,12,4
Rafael Ortega,542364,RF,1,0
Rob Brantly,542963,C,3,3
Brandon Crawford,543063,3B,6,5
Brandon Crawford,543063,SS,18,16
Yan Gomes,543228,C,34,27
Robbie Grossman,543257,RF,18,14
Aaron Hicks,543305,CF,2,1
Aaron Hicks,543305,LF,2,1
Aaron Hicks,543305,OF,13,9
Aaron Hicks,543305,RF,9,7
Charles Leblanc,641779,2B,4,2
George Springer,543807,CF,1,1
Christian Vázquez,543877,3B,3,1
Ildemaro Vargas,545121,1B,2,0
Ildemaro Vargas,545121,LF,15,6
Ildemaro Vargas,545121,OF,15,6
Ildemaro Vargas,545121,SS,7,6
Mike Trout,545361,CF,24,24
Mike Trout,545361,OF,24,24
José Abreu,547989,1B,35,31
Omar Narváez,553882,C,28,21
Gio Urshela,570482,1B,18,15
Tucker Barnhart,571466,C,31,29
Brandon Lockridge,663604,OF,5,1
Brandon Lockridge,663604,RF,1,1
Daz Cameron,663662,CF,14,10
Kiké Hernández,571771,CF,10,6
Kiké Hernández,571771,SS,9,6
Seth Brown,664913,CF,1,0
Matt Carpenter,572761,1B,4,0
Matt Carpenter,572761,2B,1,0
Willson Contreras,575929,C,51,50
Kris Bryant,592178,1B,10,9
Kris Bryant,592178,OF,12,12
Kris Bryant,592178,RF,12,12
Aaron Schunk,668845,3B,12,10
Niko Goodrum,592348,1B,3,1
Niko Goodrum,592348,2B,1,1
Niko Goodrum,592348,3B,3,3
Niko Goodrum,592348,LF,4,1
Niko Goodrum,592348,OF,4,1
Niko Goodrum,592348,SS,1,1
Aaron Judge,592450,LF,5,5
Eddie Rosario,592696,CF,12,8
Eddie Rosario,592696,LF,48,38
Eddie Rosario,592696,OF,84,67
Eddie Rosario,592696,RF,25,21
Christian Yelich,592885,LF,48,47
Christian Yelich,592885,OF,48,47
Whit Merrifield,593160,3B,12,7
Whit Merrifield,593160,LF,26,21
Whit Merrifield,593160,OF,26,21
Miguel Sanó,593934,1B,5,3
Miguel Sanó,593934,3B,14,13
Livan Soto,670869,2B,6,4
Adam Duvall,594807,LF,50,31
Kevin Kiermaier,595281,RF,1,0
Andrew Knapp,595284,C,3,2
Jurickson Profar,595777,1B,2,2
Javier Báez,595879,SS,80,76
Jake Cave,595909,CF,5,5
Maikel Garcia,672580,2B,36,28
Austin Slater,596103,CF,9,7
Zach DeLoach,676113,CF,1,1
Gary Sánchez,596142,1B,4,1
Max Kepler,596146,OF,103,88
Max Kepler,596146,RF,103,88
Jeimer Candelario,600869,1B,32,26
Jeimer Candelario,600869,3B,55,53
Ramón Urías,602104,1B,2,1
Ramón Urías,602104,2B,2,1
Nick Ahmed,605113,SS,67,64
Brian Anderson,605119,3B,1,0
Brian Anderson,605119,OF,2,2
Brian Anderson,605119,RF,2,2
Austin Barnes,605131,2B,2,0
Mookie Betts,605141,SS,65,61
Ceddanne Rafaela,678882,2B,10,4
J.D. Davis,605204,1B,28,21
J.D. Davis,605204,3B,14,11
Nick Martini,605361,LF,8,7
Nick Martini,605361,OF,18,12
Nick Martini,605361,RF,10,5
Ketel Marte,606466,SS,1,0
Jace Peterson,607054,2B,4,1
Jace Peterson,607054,3B,1,1
Jace Peterson,607054,SS,5,3
Kevin Pillar,607680,LF,19,15
Joey Gallo,608336,LF,2,0
Corey Seager,608369,SS,113,113
Jasson Domínguez,691176,CF,4,4
Tom Murphy,608596,C,12,10
Nick Yorke,694377,3B,1,1
Rob Refsnyder,608701,LF,46,31
Joey Meneses,608841,1B,50,49
Miguel Andujar,609280,1B,1,0
Miguel Andujar,609280,LF,72,71
Miguel Andujar,609280,OF,72,71
Jason Vosler,613564,1B,5,3
Jason Vosler,613564,LF,1,0
Jason Vosler,613564,OF,2,1
Jason Vosler,613564,RF,1,1
Kevin Newman,621028,1B,10,1
Chris Taylor,621035,3B,23,14
David Dahl,621311,LF,13,12
David Dahl,621311,OF,15,13
David Dahl,621311,RF,2,1
Edwin Ríos,621458,1B,3,2
DJ Stewart,621466,1B,1,1
DJ Stewart,621466,LF,11,7
Tomás Nido,621512,C,48,40
Joe Hudson,621529,C,1,0
Zach Remillard,621545,2B,7,6
Zach Remillard,621545,3B,3,2
Zach Remillard,621545,CF,1,0
Zach Remillard,621545,LF,2,1
Zach Remillard,621545,OF,3,1
Zach Remillard,621545,SS,3,2
Patrick Wisdom,621550,2B,3,0
Patrick Wisdom,621550,RF,5,2
Joey Wendle,621563,2B,8,7
Joey Wendle,621563,3B,7,2
Joey Wendle,621563,SS,3,1
Manuel Margot,622534,CF,21,14
Pablo Reyes,622569,1B,2,1
Pablo Reyes,622569,2B,9,4
Pablo Reyes,622569,3B,11,8
Pablo Reyes,622569,SS,2,1
Jorge Mateo,622761,2B,56,52
Jorge Mateo,622761,CF,4,2
Jorge Mateo,622761,OF,4,2
Jorge Mateo,622761,SS,6,3
David Bote,623520,1B,3,0
David Bote,623520,2B,6,2
David Bote,623520,3B,26,6
Harold Ramírez,623912,LF,3,2
Harold Ramírez,623912,OF,9,5
Harold Ramírez,623912,RF,6,3
Cavan Biggio,624415,1B,17,8
Mookie Betts,605141,2B,18,12
Cavan Biggio,624415,3B,18,15
Cavan Biggio,624415,OF,14,9
Cavan Biggio,624415,RF,14,9
Adam Frazier,624428,2B,42,28
Jack López,605346,SS,3,1
Adam Frazier,624428,LF,10,4
Nick Gordon,624503,2B,6,1
Nick Gordon,624503,CF,16,9
Nick Gordon,624503,LF,61,58
Nick Gordon,624503,OF,78,67
Nick Gordon,624503,RF,1,0
Reese McGuire,624512,C,48,41
Jorge Soler,624585,LF,3,3
Teoscar Hernández,606192,RF,60,50
Chris Taylor,621035,CF,7,2
Andy Ibáñez,628451,LF,6,1
Andy Ibáñez,628451,OF,6,1
José Azocar,640492,CF,11,11
José Azocar,640492,LF,45,6
José Azocar,640492,OF,60,17
José Azocar,640492,RF,5,0
Tim Anderson,641313,SS,63,62
Jake Bauers,641343,LF,9,7
Jake Bauers,641343,OF,18,9
Jake Bauers,641343,RF,10,2
Cody Bellinger,641355,CF,48,47
Cody Bellinger,641355,LF,1,0
Willie Calhoun,641432,1B,4,4
Willie Calhoun,641432,LF,1,0
Willie Calhoun,641432,OF,1,0
Jason Delay,641511,C,6,5
Luis Guillorme,641645,SS,5,4
Garrett Hampson,641658,3B,1,0
Sam Hilliard,656541,LF,26,19
Garrett Hampson,641658,RF,7,3
Garrett Hampson,641658,SS,8,0
Billy McKinney,641856,CF,2,0
Billy McKinney,641856,RF,3,2
Joshua Palacios,641943,CF,4,1
Joshua Palacios,641943,LF,3,2
Joshua Palacios,641943,OF,22,17
Joshua Palacios,641943,RF,15,14
Dominic Smith,642086,1B,82,71
Tyler Wade,642180,LF,12,2
Tyler Nevin,663527,LF,12,7
Tyler Wade,642180,RF,6,0
Tyler Wade,642180,SS,13,10
Jamie Westbrook,642197,2B,19,13
Jamie Westbrook,642197,3B,1,0
Jamie Westbrook,642197,OF,1,0
Jamie Westbrook,642197,RF,1,0
Tyler Nevin,663527,OF,30,22
Eli White,642201,LF,9,3
Weston Wilson,642215,1B,3,0
Jose Siri,642350,1B,1,0
Amed Rosario,642708,3B,16,11
Amed Rosario,642708,SS,14,11
Thairo Estrada,642731,2B,94,93
Austin Wynns,642851,C,6,6
Andrew Benintendi,643217,CF,1,0
Garrett Cooper,643265,1B,15,12
Garrett Cooper,643265,LF,2,0
Garrett Cooper,643265,OF,2,0
Mauricio Dubón,643289,1B,20,9
Tony Kemp,643393,2B,5,2
Tony Kemp,643393,LF,1,0
Tony Kemp,643393,OF,1,0
Isiah Kiner-Falefa,643396,2B,56,42
Isiah Kiner-Falefa,643396,CF,1,0
Isiah Kiner-Falefa,643396,OF,1,0
Jeff McNeil,643446,LF,15,12
Jeff McNeil,643446,OF,32,22
Jeff McNeil,643446,RF,17,10
Mike Tauchman,643565,CF,15,6
Chadwick Tromp,644433,C,19,16
Victor Robles,645302,CF,38,31
Alí Sánchez,645305,C,30,28
Mike Ford,645801,1B,2,2
Abraham Toro,647351,1B,5,4
Abraham Toro,647351,2B,19,17
Abraham Toro,647351,3B,56,49
Abraham Toro,647351,LF,1,1
Abraham Toro,647351,OF,1,1
Aledmys Díaz,649557,1B,5,3
Aledmys Díaz,649557,2B,2,1
Aledmys Díaz,649557,3B,1,1
Aledmys Díaz,649557,LF,1,0
Aledmys Díaz,649557,OF,1,0
Aledmys Díaz,649557,SS,6,5
Luis Arraez,650333,2B,42,39
Eloy Jiménez,650391,OF,1,1
Eloy Jiménez,650391,RF,1,1
Jared Triolo,669707,1B,5,1
Nicky Lopez,670032,2B,82,71
Luis Rengifo,650859,2B,31,28
Luis Rengifo,650859,3B,49,41
Luis Rengifo,650859,OF,1,0
Luis Rengifo,650859,RF,1,0
Luis Rengifo,650859,SS,2,2
René Pinto,650907,C,19,15
Andruw Monasterio,655316,1B,5,1
Andruw Monasterio,655316,LF,1,0
Andruw Monasterio,655316,OF,1,0
Riley Adams,656180,C,40,36
Sean Bouchard,656248,LF,14,12
Sean Bouchard,656248,OF,31,29
Sean Bouchard,656248,RF,17,17
Stuart Fairchild,656413,CF,59,39
Stuart Fairchild,656413,LF,10,0
Stuart Fairchild,656413,OF,89,54
Stuart Fairchild,656413,RF,23,15
Josh Jung,673962,3B,40,40
Derek Hill,656537,RF,7,4
Alex Jackson,656577,C,58,46
Connor Joe,656582,LF,6,6
Ryan O'Hearn,656811,LF,8,5
Ryan O'Hearn,656811,OF,26,19
Ryan O'Hearn,656811,RF,18,14
Jakson Reetz,656883,C,6,4
Michael Stefanic,683021,2B,30,27
Cole Tucker,657061,3B,9,7
Cole Tucker,657061,LF,8,4
Cole Tucker,657061,OF,8,4
Forrest Wall,657088,LF,11,10
Forrest Wall,657088,OF,13,11
Forrest Wall,657088,RF,2,1
Brenton Doyle,686668,CF,142,139
Connor Wong,657136,2B,6,1
Brenton Doyle,686668,OF,142,139
Connor Wong,657136,LF,1,0
Connor Wong,657136,OF,1,0
Brooks Lee,686797,2B,7,6
Paul DeJong,657557,SS,90,83
Jordan Beck,687597,RF,13,12
Ramón Laureano,657656,CF,14,9
Javier Sanoja,691594,CF,3,2
Javier Sanoja,691594,OF,5,4
Gavin Sheets,657757,OF,45,43
Gavin Sheets,657757,RF,45,43
Edward Olivares,658668,LF,3,0
Edward Olivares,658668,OF,48,41
Edward Olivares,658668,RF,45,41
Yoán Moncada,660162,3B,11,11
Diego Castillo,660636,3B,3,2
Vidal Bruján,660644,3B,14,8
Vidal Bruján,660644,CF,12,9
Vidal Bruján,660644,LF,3,0
Vidal Bruján,660644,OF,23,13
Vidal Bruján,660644,RF,8,4
Vidal Bruján,660644,SS,28,25
Ronald Acuña Jr.,660670,OF,49,49
Ronald Acuña Jr.,660670,RF,49,49
Elehuris Montero,660707,1B,54,49
Leo Rivas,660844,3B,1,0
Daulton Varsho,662139,LF,67,46
Daulton Varsho,662139,RF,1,1
Jahmai Jones,663330,2B,3,2
Jahmai Jones,663330,3B,3,0
Jahmai Jones,663330,LF,5,2
Jahmai Jones,663330,OF,13,3
Jahmai Jones,663330,RF,8,1
Nico Hoerner,663538,SS,10,8
Trey Cabbage,663550,LF,11,5
Trey Cabbage,663550,OF,39,21
Trey Cabbage,663550,RF,28,16
Austin Riley,663586,3B,110,110
Nick Madrigal,663611,2B,15,10
Nick Madrigal,663611,3B,36,11
Trevor Larnach,663616,RF,7,3
Ryan Mountcastle,663624,1B,110,105
Ryan McKenna,663630,CF,2,2
Ryan McKenna,663630,LF,3,1
Ryan McKenna,663630,OF,12,5
Ryan McKenna,663630,RF,7,2
Ke'Bryan Hayes,663647,3B,96,93
Jackson Chourio,694192,RF,61,54
Blake Dunn,694362,CF,2,2
Blake Dunn,694362,OF,15,6
Matt Vierling,663837,CF,57,45
Luke Maile,571912,C,48,43
Romy González,663853,CF,1,1
Romy González,663853,OF,6,1
Romy González,663853,RF,5,0
Jon Singleton,572138,1B,92,86
Luke Williams,663897,3B,6,3
Luke Williams,663897,LF,4,3
Luke Williams,663897,OF,4,3
Luke Williams,663897,SS,1,1
Travis Blankenhorn,663905,OF,3,2
Travis Blankenhorn,663905,RF,3,2
Whit Merrifield,593160,2B,54,52
César Salazar,663967,C,9,7
Ty France,664034,2B,1,0
Jesse Winker,608385,OF,93,84
David Fletcher,664058,2B,5,3
Sam Haggerty,664059,LF,6,5
Sam Haggerty,664059,OF,7,5
Sam Haggerty,664059,RF,1,0
Jesse Winker,608385,RF,17,14
Dylan Moore,664238,LF,22,15
Dylan Moore,664238,OF,22,15
Dylan Moore,664238,SS,48,38
Patrick Wisdom,621550,1B,27,16
Estevan Florial,664314,CF,1,1
Estevan Florial,664314,LF,13,9
Estevan Florial,664314,OF,25,16
Estevan Florial,664314,RF,12,6
Alec Bohm,664761,1B,14,9
Cavan Biggio,624415,2B,30,24
Jhonny Pereda,640902,1B,1,0
LaMonte Wade Jr.,664774,LF,1,1
LaMonte Wade Jr.,664774,OF,12,5
LaMonte Wade Jr.,664774,RF,11,4
Seby Zavala,664874,C,18,14
Danny Mendick,664901,2B,14,11
Danny Mendick,664901,3B,26,24
Brett Sullivan,664954,1B,2,0
Brett Sullivan,664954,C,5,4
Jake McCarthy,664983,RF,65,42
Kody Clemens,665019,2B,8,3
Mauricio Dubón,643289,2B,21,12
Mauricio Dubón,643289,CF,21,17
Jared Walsh,665120,1B,16,14
Nick Maton,665155,2B,1,0
Cristian Pache,665506,LF,18,11
Cristian Pache,665506,RF,3,0
Rafael Marchán,665561,C,17,14
Juan Soto,665742,LF,6,6
Luis De Los Santos,665782,1B,1,0
Luis De Los Santos,665782,LF,1,0
Luis De Los Santos,665782,OF,1,0
Oswaldo Cabrera,665828,3B,74,62
Oswaldo Cabrera,665828,LF,3,0
Vidal Bruján,660644,1B,1,0
Oneil Cruz,665833,SS,112,107
Enmanuel Valdez,665839,3B,1,0
Enmanuel Valdez,665839,LF,1,0
Enmanuel Valdez,665839,OF,1,0
Jair Camargo,665856,C,2,0
Jazz Chisholm Jr.,665862,2B,3,2
Jazz Chisholm Jr.,665862,CF,97,95
Jazz Chisholm Jr.,665862,OF,97,95
Lars Nootbaar,663457,LF,25,23
José Fermín,665877,LF,1,0
José Fermín,665877,OF,1,0
Esteury Ruiz,665923,CF,9,6
Esteury Ruiz,665923,LF,19,10
Esteury Ruiz,665923,OF,28,16
Carlos Narváez,665966,C,6,4
Jonathan Aranda,666018,3B,1,0
Alex Kirilloff,666135,1B,12,11
Alex Kirilloff,666135,LF,24,20
Alex Kirilloff,666135,OF,31,24
Alex Kirilloff,666135,RF,8,4
Josh Lowe,666139,CF,2,2
Tyler Fitzgerald,666149,1B,2,1
Tyler Fitzgerald,666149,2B,6,4
Tyler Fitzgerald,666149,CF,8,6
Tyler Fitzgerald,666149,LF,3,3
Tyler Fitzgerald,666149,OF,11,9
Dominic Fletcher,666150,LF,1,1
David Hamilton,666152,2B,39,28
David Hamilton,666152,SS,62,50
Gavin Lux,666158,SS,1,0
Mickey Moniak,666160,LF,1,1
Blake Sabol,666165,C,8,7
Jo Adell,666176,CF,4,4
Spencer Steer,668715,LF,99,88
Spencer Steer,668715,OF,102,89
Dylan Carlson,666185,CF,28,12
Dylan Carlson,666185,RF,35,19
Grae Kessinger,666197,1B,1,1
Grae Kessinger,666197,3B,6,1
Grae Kessinger,666197,SS,2,0
Tommy Edman,669242,SS,13,9
Taylor Trammell,666211,LF,4,1
Taylor Trammell,666211,OF,7,1
Taylor Trammell,666211,RF,3,0
Jake Burger,669394,1B,67,48
Edouard Julien,666397,1B,1,0
Jerar Encarnación,666464,LF,4,2
Christopher Morel,666624,3B,74,73
Eguy Rosario,666703,2B,2,0
Eguy Rosario,666703,3B,26,10
Bobby Dalbec,666915,1B,21,13
Bobby Dalbec,666915,3B,14,8
Bobby Dalbec,666915,OF,2,2
Bobby Dalbec,666915,RF,2,2
Lourdes Gurriel Jr.,666971,1B,1,0
Grant Koch,667428,C,2,2
Corey Julks,667452,CF,3,1
Heliot Ramos,671218,CF,60,57
Dane Myers,667472,CF,10,1
Dane Myers,667472,LF,8,1
Dane Myers,667472,OF,39,20
Dane Myers,667472,RF,22,18
Brent Rooker,667670,LF,9,9
Brent Rooker,667670,OF,14,13
Brent Rooker,667670,RF,5,4
Randy Arozarena,668227,CF,9,6
Jordyn Adams,677941,CF,4,4
Jordyn Adams,677941,OF,10,9
Spencer Steer,668715,RF,3,1
Ryan Vilade,668723,1B,1,0
Ryan Vilade,668723,CF,3,0
Ryan Vilade,668723,LF,10,5
Ryan Vilade,668723,OF,20,12
Ryan Vilade,668723,RF,7,7
Akil Baddoo,668731,CF,5,0
Akil Baddoo,668731,LF,21,18
Akil Baddoo,668731,OF,30,21
Akil Baddoo,668731,RF,4,3
Duke Ellis,668752,CF,2,1
Jarren Duran,680776,CF,104,87
Duke Ellis,668752,RF,1,0
Andrew Knizner,668800,C,34,28
Bryan Reynolds,668804,RF,22,16
Conner Capel,668843,LF,1,1
Conner Capel,668843,OF,1,1
Aaron Schunk,668845,SS,4,4
Austin Martin,668885,2B,14,9
Mark Vientos,668901,1B,4,2
Joey Ortiz,687401,SS,9,1
Josh Rojas,668942,LF,6,3
Josh Rojas,668942,OF,6,3
Ryan Kreidler,668952,LF,1,0
MJ Melendez,669004,1B,1,0
Nick Yorke,694377,LF,1,1
MJ Melendez,669004,RF,4,3
Nick Yorke,694377,OF,1,1
Kyle Stowers,669065,RF,15,4
Sam Huff,669087,C,2,1
Luis Campusano,669134,1B,2,0
Armando Alvarez,669137,1B,5,4
Armando Alvarez,669137,2B,1,1
Jason Heyward,518792,CF,3,0
Ryan Bliss,669208,2B,25,20
Nick Senzel,669222,3B,53,51
Nick Senzel,669222,OF,1,1
Nick Senzel,669222,RF,1,1
Justyn-Henry Malloy,669234,RF,1,0
Kiké Hernández,571771,1B,14,4
Jack Suwinski,669261,CF,45,41
Jack Suwinski,669261,LF,34,24
Jack Suwinski,669261,OF,100,67
Jack Suwinski,669261,RF,21,2
Michael A. Taylor,572191,LF,3,1
Michael A. Taylor,572191,OF,106,80
Santiago Espinal,669289,LF,6,2
Santiago Espinal,669289,OF,8,4
Santiago Espinal,669289,RF,2,2
Mark Canha,592192,OF,42,31
Mark Canha,592192,RF,16,12
Jose Miranda,669304,SS,1,0
Bubba Thompson,669352,CF,11,5
Bubba Thompson,669352,OF,11,5
Nolan Gorman,669357,2B,105,97
Nolan Gorman,669357,3B,2,0
Xavier Edwards,669364,2B,1,1
Bryce Johnson,669369,CF,1,1
Bryce Johnson,669369,LF,4,0
Bryce Johnson,669369,OF,43,18
Bryce Johnson,669369,RF,38,17
Keston Hiura,669374,2B,5,4
Samad Taylor,669392,CF,1,0
Samad Taylor,669392,LF,2,1
Samad Taylor,669392,OF,3,1
Cooper Hummel,669450,LF,4,1
Cooper Hummel,669450,OF,4,1
Austin Slater,596103,RF,41,20
Casey Schmitt,669477,SS,10,10
Braden Shewmake,669699,2B,6,6
Braden Shewmake,669699,3B,8,7
Braden Shewmake,669699,SS,11,8
Josh Smith,669701,2B,1,0
Josh Smith,669701,3B,83,76
Josh Smith,669701,LF,4,4
Josh Smith,669701,OF,5,5
Josh Smith,669701,RF,1,1
Jared Triolo,669707,2B,47,42
Jared Triolo,669707,OF,1,0
Jared Triolo,669707,RF,1,0
Jared Triolo,669707,SS,9,8
Austin Hays,669720,LF,71,56
Austin Hays,669720,OF,73,56
Austin Hays,669720,RF,3,0
Alex Call,669743,CF,3,2
Alex Call,669743,LF,2,0
Alex Call,669743,OF,33,27
Alex Call,669743,RF,28,25
Michael Toglia,669911,LF,1,0
Michael Toglia,669911,OF,16,13
Michael Toglia,669911,RF,15,13
Luke Raley,670042,CF,9,4
Chris Taylor,621035,LF,48,25
Trenton Brooks,670092,1B,9,8
Zack Short,670097,2B,4,2
Zack Short,670097,3B,21,16
Zack Short,670097,SS,11,4
Chris Taylor,621035,OF,54,27
Miles Mastrobuoni,670156,LF,1,1
Miles Mastrobuoni,670156,OF,3,1
Miles Mastrobuoni,670156,RF,2,0
Matt Mervis,670223,1B,1,0
Kameron Misner,670224,CF,2,2
Kameron Misner,670224,LF,4,2
Kameron Misner,670224,OF,6,4
Matt Wallner,670242,LF,24,18
Isaac Paredes,670623,1B,17,13
Livan Soto,670869,SS,2,0
Tyler O'Neill,641933,LF,68,54
Tyler O'Neill,641933,OF,117,88
Amed Rosario,642708,OF,26,22
Amed Rosario,642708,RF,26,22
Drew Waters,671221,LF,3,2
Drew Waters,671221,OF,7,5
Drew Waters,671221,RF,4,3
Willi Castro,650489,SS,56,51
Johnathan Rodríguez,671286,LF,1,0
Johnathan Rodríguez,671286,OF,11,9
Johnathan Rodríguez,671286,RF,10,9
Tyler Freeman,671289,2B,6,2
Andruw Monasterio,655316,3B,25,17
Lawrence Butler,671732,CF,2,0
Tyler Black,672012,1B,6,6
Michael Siani,672279,LF,4,2
Michael Siani,672279,RF,9,0
Jarred Kelenic,672284,CF,50,47
Jarred Kelenic,672284,RF,1,0
Gabriel Arias,672356,1B,4,1
Gabriel Arias,672356,2B,6,4
Gabriel Arias,672356,3B,20,18
Gabriel Arias,672356,CF,4,2
Gabriel Arias,672356,LF,2,1
Gabriel Arias,672356,OF,8,4
Gabriel Arias,672356,RF,2,1
Gabriel Arias,672356,SS,15,14
Gabriel Moreno,672515,3B,1,0
Maikel Garcia,672580,OF,1,0
Maikel Garcia,672580,RF,1,0
Otto Lopez,672640,3B,6,4
Otto Lopez,672640,CF,1,0
Otto Lopez,672640,LF,2,1
Otto Lopez,672640,OF,3,1
Steward Berroa,672642,CF,2,0
Steward Berroa,672642,LF,6,2
Steward Berroa,672642,OF,19,8
Steward Berroa,672642,RF,11,6
José Devers,672701,2B,1,1
Oswald Peraza,672724,3B,4,4
Alexander Canario,672744,LF,10,4
Alexander Canario,672744,OF,15,7
Alexander Canario,672744,RF,5,3
Wenceel Pérez,672761,CF,28,21
Lenyn Sosa,672820,1B,2,0
Ha-Seong Kim,673490,SS,121,119
Seiya Suzuki,673548,LF,1,1
Seiya Suzuki,673548,OF,73,72
Seiya Suzuki,673548,RF,72,71
Davis Wendzel,673995,1B,1,0
Davis Wendzel,673995,2B,2,0
Davis Wendzel,673995,3B,18,11
Jacob Hurtubise,674441,LF,20,16
Jacob Hurtubise,674441,OF,21,17
Jacob Hurtubise,674441,RF,1,1
Greg Jones,675659,OF,4,1
Greg Jones,675659,RF,4,1
Jordan Westburg,676059,3B,67,64
Jordan Westburg,676059,SS,2,1
Jacob Amaya,676070,2B,1,0
Santiago Espinal,669289,2B,32,26
Nelson Velázquez,676369,LF,10,7
Nelson Velázquez,676369,OF,21,17
Nelson Velázquez,676369,RF,11,10
Ernie Clement,676391,2B,4,2
Ernie Clement,676391,LF,1,0
Ernie Clement,676391,OF,1,0
Alec Burleson,676475,RF,49,40
Brewer Hicklen,676551,OF,2,2
Brewer Hicklen,676551,RF,2,2
Bligh Madris,676632,1B,20,19
Bligh Madris,676632,OF,1,0
Bligh Madris,676632,RF,1,0
Luis Vázquez,676679,2B,1,0
Jake Meyers,676694,LF,1,0
Alan Trejo,676701,2B,16,14
Alan Trejo,676701,3B,7,3
Alan Trejo,676701,SS,2,2
Chris Roller,676896,CF,1,0
Chris Roller,676896,OF,1,0
Matthew Batten,676946,1B,1,1
Heston Kjerstad,677008,RF,6,6
Kyren Paris,677347,2B,17,16
Kyren Paris,677347,SS,2,1
Rece Hinds,677956,LF,2,0
Ezequiel Duran,677649,1B,12,12
Rece Hinds,677956,OF,22,10
Ezequiel Duran,677649,CF,1,0
Ezequiel Duran,677649,RF,3,1
Wilyer Abreu,677800,CF,1,0
Wilyer Abreu,677800,LF,5,4
Andy Pages,681624,RF,37,21
Blaze Alexander,677942,2B,17,13
Blaze Alexander,677942,3B,8,6
Blaze Alexander,677942,SS,20,16
Alek Thomas,677950,CF,34,26
Alek Thomas,677950,OF,34,26
Ji Hwan Bae,678225,2B,1,0
Ji Hwan Bae,678225,CF,16,15
Ji Hwan Bae,678225,OF,27,21
Ji Hwan Bae,678225,RF,12,6
Miguel Vargas,678246,1B,1,0
Miguel Vargas,678246,LF,28,21
Miguel Vargas,678246,OF,28,21
Jorge Barrosa,678489,LF,1,0
Isaac Collins,686555,LF,3,1
Curtis Mead,678554,1B,1,0
Curtis Mead,678554,2B,21,18
Curtis Mead,678554,3B,14,14
Isaac Collins,686555,OF,3,1
Jhonkensy Noel,678877,1B,9,4
Jhonkensy Noel,678877,LF,1,0
Ceddanne Rafaela,678882,3B,4,0
Justin Foscue,679822,1B,1,1
Nick Loftin,679845,1B,7,2
Nick Loftin,679845,2B,28,23
Nick Loftin,679845,3B,17,14
Nick Loftin,679845,LF,4,0
Nick Loftin,679845,OF,4,0
J.P. Martinez,679881,CF,1,0
J.P. Martinez,679881,LF,2,0
J.P. Martinez,679881,OF,5,1
J.P. Martinez,679881,RF,2,1
Dairon Blanco,680118,CF,14,6
Dairon Blanco,680118,LF,36,20
Max Schuemann,680474,2B,8,5
Max Schuemann,680474,RF,1,0
Max Schuemann,680474,SS,92,87
Richie Palacios,680700,2B,35,25
Richie Palacios,680700,3B,2,1
Richie Palacios,680700,LF,19,15
Richie Palacios,680700,OF,52,40
Richie Palacios,680700,RF,33,25
Richie Palacios,680700,SS,1,0
Jonathan Ornelas,680716,2B,4,1
Billy Cook,695257,RF,3,3
Michael Helman,680737,RF,1,1
CJ Alexander,680769,3B,3,3
Jon Berti,542932,LF,1,0
Owen Miller,680911,1B,9,6
Owen Miller,680911,2B,2,0
Owen Miller,680911,3B,1,1
Jon Berti,542932,OF,1,0
Brendan Donovan,680977,3B,9,5
Robbie Grossman,543257,LF,19,12
Robbie Grossman,543257,OF,37,26
Brendan Donovan,680977,RF,1,0
James McCann,543510,C,62,60
Jonah Bride,681146,2B,3,2
Jonah Bride,681146,3B,13,9
Colton Cowser,681297,RF,20,6
Connor Norby,681393,2B,12,11
Brooks Baldwin,681460,2B,24,23
Brooks Baldwin,681460,SS,9,9
Kerry Carpenter,681481,LF,3,3
Mickey Gasper,681508,1B,1,0
Mickey Gasper,681508,2B,6,3
James Outman,681546,CF,49,37
James Outman,681546,LF,1,0
James Outman,681546,OF,50,37
James Outman,681546,RF,1,0
David Villar,681584,1B,10,10
David Fry,681807,3B,4,0
David Fry,681807,C,23,14
David Fry,681807,LF,16,13
David Fry,681807,OF,20,15
David Fry,681807,RF,4,2
Kevin Pillar,607680,CF,49,35
Vinny Capra,681962,3B,2,2
Vinny Capra,681962,SS,1,0
David Hensley,682073,3B,1,0
David Hensley,682073,LF,3,2
Levi Jordan,682119,2B,1,0
Levi Jordan,682119,LF,3,1
Levi Jordan,682119,OF,5,2
Levi Jordan,682119,RF,2,1
Patrick Wisdom,621550,3B,16,10
Daniel Schneemann,682177,RF,14,9
Marco Luciano,682617,SS,9,7
Orelvis Martinez,682619,2B,1,1
Noelvi Marte,682622,2B,1,0
Luis Matos,682641,CF,19,17
Luis Matos,682641,LF,7,4
Angel Martínez,682657,2B,1,1
Angel Martínez,682657,CF,21,18
Angel Martínez,682657,RF,8,2
Jonatan Clase,682729,LF,15,12
Garrett Hampson,641658,CF,50,35
Garrett Hampson,641658,OF,83,45
Riley Greene,682985,CF,27,21
Riley Greene,682985,RF,4,2
Tyler Locklear,682988,1B,16,12
Isiah Kiner-Falefa,643396,SS,42,36
Nasim Nuñez,683083,2B,2,0
Willi Castro,650489,2B,41,32
Brett Baty,683146,3B,47,43
Michael Busch,683737,2B,3,3
Michael Busch,683737,3B,1,0
William Contreras,661388,C,116,115
Sal Frelick,686217,3B,2,0
Sal Frelick,686217,CF,25,21
Vinnie Pasquantino,686469,1B,103,103
Dominic Canzone,686527,LF,24,16
Dominic Canzone,686527,OF,62,50
Dominic Canzone,686527,RF,38,34
Oliver Dunn,686554,1B,1,0
Oliver Dunn,686554,2B,1,0
Oliver Dunn,686554,3B,27,18
Michael Massey,686681,CF,1,0
Michael Massey,686681,OF,1,0
Pedro Pagés,686780,1B,1,0
Will Brennan,686823,CF,8,5
Joey Wiemer,686894,CF,2,1
Joey Wiemer,686894,LF,16,5
Joey Wiemer,686894,OF,19,6
Joey Wiemer,686894,RF,2,0
Darell Hernaiz,687231,2B,3,1
Darell Hernaiz,687231,3B,28,19
Darell Hernaiz,687231,SS,19,16
Andrés Chaparro,665953,1B,12,12
Victor Scott II,687363,CF,44,39
Victor Scott II,687363,LF,2,0
Joey Ortiz,687401,2B,6,4
Jordan Beck,687597,CF,2,2
Garrett Mitchell,669003,CF,39,34
Cade Marlowe,687799,CF,2,0
Cade Marlowe,687799,OF,7,1
Cade Marlowe,687799,RF,5,1
Christian Encarnacion-Strand,687952,1B,29,29
Graham Pauley,688363,1B,1,0
Graham Pauley,688363,3B,6,4
Jose Miranda,669304,3B,79,74
Brett Wisely,689172,1B,1,0
Brett Wisely,689172,CF,1,0
Brett Wisely,689172,OF,1,0
Nicky Lopez,670032,SS,42,38
Miles Mastrobuoni,670156,3B,17,12
Colt Keith,690993,SS,1,0
Tyler Soderstrom,691016,C,1,0
Darren Baker,671117,2B,4,2
Adael Amador,691182,2B,10,10
Junior Caminero,691406,1B,1,0
Oscar Colás,693049,CF,4,3
Oscar Colás,693049,OF,12,8
Oscar Colás,693049,RF,8,5
Nick Gonzales,693304,3B,2,1
Pedro León,694175,OF,6,6
Pedro León,694175,RF,6,6
Tyler Gentry,694355,OF,3,2
Tyler Gentry,694355,RF,3,2
Niko Kavadas,694359,1B,2,2
José Caballero,676609,SS,85,80
Blake Dunn,694362,RF,1,1
Joey Loperfido,694388,1B,2,0
Joey Loperfido,694388,RF,13,11
Evan Carter,694497,CF,2,2
Evan Carter,694497,LF,34,29
Evan Carter,694497,OF,44,38
Evan Carter,694497,RF,9,7
Will Wagner,695238,1B,1,0
Brett Harris,695391,3B,35,31
Hunter Goodman,696100,1B,4,4
Hunter Goodman,696100,LF,7,5
Colton Cowser,681297,CF,44,36
Daniel Schneemann,682177,SS,31,20
Ben Rice,700250,1B,48,40
Ben Rice,700250,C,1,0
CJ Abrams,682928,SS,136,135
Trey Lipscomb,702358,1B,4,2
Trey Lipscomb,702358,2B,2,2
Drew Millas,686452,C,16,15
Nacho Alvarez Jr.,805373,2B,7,7
Nacho Alvarez Jr.,805373,3B,1,1
Masataka Yoshida,807799,LF,1,0
Masataka Yoshida,807799,OF,1,0
Jung Hoo Lee,808982,CF,37,36
Jung Hoo Lee,808982,OF,37,36
Kyle Manzardo,700932,1B,5,1
Thomas Saggese,695336,3B,1,1
Kiké Hernández,571771,2B,9,6
Aaron Judge,592450,RF,8,7
Kevin Kiermaier,595281,CF,108,81
Kevin Kiermaier,595281,OF,109,81
Austin Slater,596103,LF,28,18
Austin Slater,596103,OF,78,45
Luis Torrens,620443,C,40,32
Tyrone Taylor,621438,LF,21,12
Romy González,663853,SS,24,8
Jhonny Pereda,640902,C,15,8
Oswaldo Cabrera,665828,OF,6,1
Oswaldo Cabrera,665828,RF,3,1
Rafael Devers,646240,3B,130,130
Dominic Fletcher,666150,CF,27,22
Yandy Díaz,650490,1B,111,109
Spencer Steer,668715,1B,63,55
Royce Lewis,668904,2B,2,1
Alex Verdugo,657077,CF,7,0
Santiago Espinal,669289,SS,6,3
Matt Vierling,663837,RF,37,28
Romy González,663853,2B,31,13
Tyler Freeman,671289,SS,10,5
Jonathan Aranda,666018,2B,5,4
Henry Davis,680779,C,34,31
Tommy Edman,669242,2B,1,0
Zach Dezenzo,701305,1B,14,12
Zach Dezenzo,701305,3B,3,0
Heston Kjerstad,677008,LF,10,9
Heston Kjerstad,677008,OF,16,15
José Tena,677588,3B,34,32
Jonathan Ornelas,680716,3B,5,5
Andy Pages,681624,CF,82,73
Andy Pages,681624,LF,5,4
Andy Pages,681624,OF,124,98
Mark Canha,592192,LF,26,19
Marco Luciano,682617,2B,9,7
Bryan Ramos,682868,3B,19,17
Corbin Carroll,682998,CF,79,74
Nick Sogard,686765,2B,18,11
Brooks Lee,686797,3B,13,10
Jordan Beck,687597,LF,36,35
Jordan Beck,687597,OF,51,49
Brett Wisely,689172,SS,36,28
Coby Mayo,691723,1B,4,2
Nick Gonzales,693304,2B,82,80
Weston Wilson,642215,RF,2,1
Sam Hilliard,656541,RF,10,7
Tyler Nevin,663527,RF,19,15
Cristian Pache,665506,OF,82,47
Salvador Perez,521692,1B,47,42
Jon Berti,542932,3B,17,16
Mitch Haniger,571745,OF,87,78
Mitch Haniger,571745,RF,87,78
Carson Kelly,608348,C,82,73
Travis Jankowski,608671,OF,66,28
Travis Jankowski,608671,RF,28,16
Duke Ellis,668752,LF,4,0
Duke Ellis,668752,OF,7,1
Adam Frazier,624428,OF,34,24
Adam Frazier,624428,RF,26,20
Edmundo Sosa,624641,2B,19,16
Armando Alvarez,669137,3B,6,4
Garrett Hampson,641658,1B,7,0
Chuckie Robinson,642020,C,23,20
Luis Arraez,650333,1B,66,58
Connor Joe,656582,1B,78,48
Eddy Alvarez,657193,2B,8,2
Ezequiel Duran,677649,2B,5,2
Ian Happ,664023,LF,139,139
Ian Happ,664023,OF,139,139
Fernando Tatis Jr.,665487,OF,92,91
Fernando Tatis Jr.,665487,RF,92,91
Vladimir Guerrero Jr.,665489,3B,12,11
Oswaldo Cabrera,665828,1B,11,4
Andrés Giménez,665926,2B,148,147
Freddy Fermin,666023,C,86,68
Grae Kessinger,666197,2B,5,0
Bryan Reynolds,668804,LF,114,113
Bryan Reynolds,668804,OF,136,129
Garrett Mitchell,669003,OF,59,48
Garrett Mitchell,669003,RF,20,14
Daniel Johnson,669288,OF,1,0
Daniel Johnson,669288,RF,1,0
Jake Burger,669394,3B,59,59
Casey Schmitt,669477,3B,7,5
Cal Stevenson,670276,CF,10,6
Cal Stevenson,670276,OF,16,6
Livan Soto,670869,3B,4,0
Zach DeLoach,676113,LF,4,3
Zach DeLoach,676113,OF,12,11
Ryan Noda,676116,OF,2,0
Ryan Noda,676116,RF,2,0
Travis Jankowski,608671,LF,26,7
Billy McKinney,641856,LF,6,4
Billy McKinney,641856,OF,11,6
Andrew Vaughn,683734,1B,118,117
Leo Rivas,660844,SS,25,21
Sal Frelick,686217,LF,23,20
Will Brennan,686823,RF,77,63
Javier Sanoja,691594,SS,4,2
Joey Loperfido,694388,CF,18,15
Jackson Holliday,702616,2B,56,52
Travis d'Arnaud,518595,C,86,76
Yasmani Grandal,518735,C,69,60
Ildemaro Vargas,545121,3B,44,28
Max Muncy,571970,3B,67,61
Jose Iglesias,578428,3B,33,10
José Ramírez,608070,3B,122,122
Joey Gallo,608336,OF,11,7
Joey Gallo,608336,RF,9,7
Donovan Walton,622268,2B,7,6
Anthony Santander,623993,1B,1,0
Jose Trevino,624431,C,69,60
Andy Ibáñez,628451,1B,17,9
Andy Ibáñez,628451,2B,41,23
Jake Bauers,641343,1B,73,58
Weston Wilson,642215,LF,20,13
Weston Wilson,642215,OF,22,14
Isiah Kiner-Falefa,643396,3B,44,39
Victor Robles,645302,LF,19,11
Derek Hill,656537,LF,19,12
Zach McKinstry,656716,2B,17,11
Emmanuel Rivera,656896,3B,94,64
Lane Thomas,657041,RF,91,84
Paul DeJong,657557,3B,39,36
Leo Rivas,660844,2B,8,1
Jake McCarthy,664983,LF,32,16
Tyler Nevin,663527,1B,38,24
Trent Grisham,663757,CF,67,50
Trent Grisham,663757,OF,67,50
Matt Vierling,663837,3B,49,39
Brandon Lowe,664040,2B,56,51
Dylan Moore,664238,1B,9,3
Dylan Moore,664238,2B,36,23
Cristian Pache,665506,CF,61,36
Josh Lowe,666139,LF,17,14
Jerar Encarnación,666464,OF,14,10
Jerar Encarnación,666464,RF,11,8
Christopher Morel,666624,LF,7,7
Christopher Morel,666624,OF,7,7
Kyle McCann,668832,C,42,37
MJ Melendez,669004,LF,117,109
MJ Melendez,669004,OF,121,112
Jorge Barrosa,678489,CF,5,3
Jorge Barrosa,678489,OF,6,3
Luke Raley,670042,OF,103,72
Luke Raley,670042,RF,36,21
Iván Herrera,671056,C,54,50
Maikel Garcia,672580,SS,3,1
Hunter Feduccia,676439,C,4,3
José Caballero,676609,3B,37,19
Luis Vázquez,676679,3B,3,1
Max Schuemann,680474,CF,2,1
Max Schuemann,680474,OF,8,4
Addison Barger,680718,OF,36,26
Addison Barger,680718,RF,27,20
Ezequiel Duran,677649,SS,9,5
Noelvi Marte,682622,3B,53,51
Angel Martínez,682657,LF,13,12
Angel Martínez,682657,OF,42,32
Riley Greene,682985,LF,80,77
Riley Greene,682985,OF,110,100
Dylan Crews,686611,CF,4,3
Dillon Dingler,693307,C,24,22
Shay Whitcomb,694376,3B,13,8
Billy Cook,695257,CF,4,3
Edmundo Sosa,624641,SS,46,38
Jeff McNeil,643446,2B,110,95
Jo Adell,666176,OF,123,117
Jo Adell,666176,RF,119,113
David Peralta,444482,RF,54,47
Justin Turner,457759,1B,41,38
Miguel Rojas,500743,SS,80,65
Tommy Pham,502054,LF,33,27
Tommy Pham,502054,OF,116,96
Starling Marte,516782,OF,81,77
Starling Marte,516782,RF,81,77
Freddie Freeman,518692,1B,144,144
Anthony Rizzo,519203,1B,88,87
Kyle Higashioka,543309,C,78,73
Christian Vázquez,543877,C,83,78
Elias Díaz,553869,C,78,69
Gio Urshela,570482,3B,104,96
Kyle Farmer,571657,2B,66,38
Manny Machado,592518,3B,95,95
Josh Bell,605137,1B,98,97
Jack López,605346,2B,18,11
José Devers,672701,1B,1,0
Eric Haase,606992,C,21,14
Kevin Pillar,607680,OF,86,62
Kevin Pillar,607680,RF,18,12
Dansby Swanson,621020,SS,144,142
Taylor Ward,621493,LF,135,135
Taylor Ward,621493,OF,135,135
Patrick Wisdom,621550,LF,3,1
Patrick Wisdom,621550,OF,8,3
Adam Frazier,624428,3B,8,5
Mitch Garver,641598,C,23,22
Garrett Hampson,641658,2B,23,10
Jonah Heim,641680,C,115,106
Ryan McMahon,641857,3B,146,143
Rowdy Tellez,642133,1B,124,105
Tyler Wade,642180,2B,15,4
Eli White,642201,OF,25,5
Eli White,642201,RF,11,0
Jose Siri,642350,CF,125,113
Jose Siri,642350,OF,125,113
Willy Adames,642715,SS,155,155
Mauricio Dubón,643289,LF,65,42
Mauricio Dubón,643289,OF,97,70
Danny Jansen,643376,C,80,70
Gleyber Torres,650402,2B,148,147
Willi Castro,650489,3B,26,12
Willi Castro,650489,CF,30,24
Willi Castro,650489,LF,30,26
Willi Castro,650489,OF,60,50
Bryan De La Cruz,650559,OF,99,92
Bryan De La Cruz,650559,RF,44,42
Cedric Mullins,656775,CF,135,116
Cedric Mullins,656775,OF,135,116
Pavin Smith,656976,RF,15,13
Gavin Sheets,657757,1B,41,39
Vidal Bruján,660644,2B,30,22
Juan Yepez,660766,1B,45,43
Blake Perkins,663368,CF,114,100
Blake Perkins,663368,OF,114,100
Lars Nootbaar,663457,CF,23,13
Lars Nootbaar,663457,OF,120,93
Lars Nootbaar,663457,RF,72,57
Trevor Larnach,663616,LF,51,47
Trevor Larnach,663616,OF,58,50
Daz Cameron,663662,LF,27,19
Daz Cameron,663662,OF,60,43
Jonathan India,663697,2B,128,128
Nick Fortes,663743,C,105,95
Harrison Bader,664056,CF,135,105
Harrison Bader,664056,OF,135,105
Nathan Lukes,664770,RF,7,5
LaMonte Wade Jr.,664774,1B,89,82
Seth Brown,664913,1B,44,30
Seth Brown,664913,LF,50,35
Seth Brown,664913,OF,79,58
Juan Soto,665742,OF,147,147
Juan Soto,665742,RF,141,141
Luis De Los Santos,665782,3B,10,7
Miguel Amaya,665804,C,112,99
Oneil Cruz,665833,CF,17,17
Oneil Cruz,665833,OF,17,17
Enmanuel Valdez,665839,2B,64,55
Jazz Chisholm Jr.,665862,3B,40,40
Nolan Jones,666134,LF,65,63
Nolan Jones,666134,OF,65,63
Dominic Fletcher,666150,OF,68,59
Dominic Fletcher,666150,RF,40,36
Gavin Lux,666158,2B,133,112
Mickey Moniak,666160,CF,99,89
Mickey Moniak,666160,OF,116,105
Ben Rortvedt,666163,C,106,84
Will Benson,666181,LF,53,35
Will Benson,666181,OF,140,100
Bo Naylor,666310,C,111,97
Austin Martin,668885,CF,40,32
Lourdes Gurriel Jr.,666971,LF,122,115
Lourdes Gurriel Jr.,666971,OF,122,115
JJ Bleday,668709,CF,151,139
JJ Bleday,668709,OF,151,139
Mark Vientos,668901,3B,103,98
Royce Lewis,668904,3B,47,45
Kyle Stowers,669065,CF,12,10
Kyle Stowers,669065,LF,42,31
Kyle Stowers,669065,OF,68,45
Shea Langeliers,669127,C,127,119
Austin Wells,669224,C,106,92
Will Smith,669257,C,117,113
Jose Miranda,669304,1B,13,12
Nick Allen,669397,3B,5,3
Josh Smith,669701,SS,44,36
Michael Toglia,669911,1B,101,94
Miles Mastrobuoni,670156,2B,10,6
Matt Wallner,670242,OF,58,49
Matt Wallner,670242,RF,34,31
Maikel Garcia,672580,3B,121,108
Lenyn Sosa,672820,2B,41,39
Yainer Diaz,673237,1B,11,11
Jordan Westburg,676059,2B,48,36
Jonny DeLuca,676356,CF,40,34
Jonny DeLuca,676356,OF,107,83
Jonny DeLuca,676356,RF,56,39
Alec Burleson,676475,LF,30,27
Alec Burleson,676475,OF,79,67
Sandro Fabian,660758,LF,1,1
Miguel Vargas,678246,3B,32,32
Ezequiel Tovar,678662,SS,151,150
Jhonkensy Noel,678877,OF,52,40
Jhonkensy Noel,678877,RF,51,40
Brendan Donovan,680977,2B,49,45
Brendan Donovan,680977,LF,102,90
Brendan Donovan,680977,OF,103,90
Colton Cowser,681297,LF,105,86
Colton Cowser,681297,OF,167,128
Luisangel Acuña,682668,SS,9,7
Gunnar Henderson,683002,SS,152,152
Sal Frelick,686217,OF,150,125
Sal Frelick,686217,RF,102,84
Korey Lee,686676,C,109,90
Michael Massey,686681,2B,76,67
Nick Sogard,686765,SS,8,5
Pedro Pagés,686780,C,62,56
Brooks Lee,686797,SS,25,21
Will Brennan,686823,LF,17,8
Will Brennan,686823,OF,100,76
Brett Wisely,689172,2B,45,34
Jack López,605346,RF,1,0
Jack López,605346,OF,1,0
Tyler Soderstrom,691016,1B,53,47
Jordan Walker,691023,OF,42,40
Jordan Walker,691023,RF,42,40
Jasson Domínguez,691176,LF,8,7
Jasson Domínguez,691176,OF,12,11
Junior Caminero,691406,3B,33,33
Nick Gonzales,693304,SS,6,5
Nick Yorke,694377,2B,4,4
Nolan Schanuel,694384,1B,143,136
Joey Loperfido,694388,LF,52,39
Joey Loperfido,694388,OF,83,65
Wyatt Langford,694671,LF,99,91
Wyatt Langford,694671,OF,112,103
Thomas Saggese,695336,2B,9,6
James Wood,695578,LF,73,73
James Wood,695578,OF,73,73
Jackson Merrill,701538,CF,150,143
Jackson Merrill,701538,OF,150,143
Trey Lipscomb,702358,3B,54,52
Jacob Wilson,805779,SS,22,22
Donovan Solano,456781,1B,22,15
Carlos Santana,467793,1B,140,133
Yuli Gurriel,493329,1B,9,9
Paul Goldschmidt,502671,1B,146,144
Jason Heyward,518792,RF,75,56
Salvador Perez,521692,C,89,88
Marcus Semien,543760,2B,153,153
Nolan Arenado,571448,3B,143,142
Kiké Hernández,571771,3B,71,60
Jose Iglesias,578428,2B,56,52
Brandon Drury,592273,1B,12,9
Brandon Drury,592273,2B,56,50
Aaron Judge,592450,CF,101,101
Aaron Judge,592450,OF,114,113
Hunter Renfroe,592669,OF,111,101
Hunter Renfroe,592669,RF,111,101
Xander Bogaerts,593428,SS,15,11
Jurickson Profar,595777,LF,144,144
Jurickson Profar,595777,OF,144,144
Jake Cave,595909,OF,122,79
Jake Cave,595909,RF,87,52
Austin Hedges,595978,C,65,46
Gary Sánchez,596142,C,28,27
Ramón Urías,602104,3B,88,67
Mookie Betts,605141,OF,37,36
Mookie Betts,605141,RF,37,36
Victor Caratini,605170,C,56,53
Orlando Arcia,606115,SS,151,150
Teoscar Hernández,606192,LF,114,98
Teoscar Hernández,606192,OF,174,148
Brandon Nimmo,607043,LF,138,114
Brandon Nimmo,607043,OF,164,136
Jacob Stallings,607732,C,73,63
Joey Gallo,608336,1B,55,50
Carlos Correa,621043,SS,80,80
Tyrone Taylor,621438,CF,39,29
Tyrone Taylor,621438,OF,123,70
Tyrone Taylor,621438,RF,66,29
Byron Buxton,621439,CF,90,83
Byron Buxton,621439,OF,90,83
Matt Olson,621566,1B,156,156
Manuel Margot,622534,LF,66,21
Austin Shenton,668853,1B,10,8
Manuel Margot,622534,OF,124,64
Tyler Heineman,623168,C,4,2
Anthony Santander,623993,OF,125,124
Anthony Santander,623993,RF,125,124
Pete Alonso,624413,1B,155,153
Jorge Soler,624585,OF,40,40
Jorge Soler,624585,RF,37,37
Andy Ibáñez,628451,3B,18,10
Jake Cronenworth,630105,1B,85,80
Jake Cronenworth,630105,2B,65,61
Jake Fraley,641584,OF,99,86
Jake Fraley,641584,RF,92,83
Matt Thaiss,642136,C,43,38
Andrew Benintendi,643217,LF,120,114
Andrew Benintendi,643217,OF,121,114
Mike Tauchman,643565,RF,48,37
Ozzie Albies,645277,2B,93,93
Josh Naylor,647304,1B,134,134
Derek Hill,656537,CF,25,18
Derek Hill,656537,OF,51,34
Sam Hilliard,656541,CF,13,10
Sam Hilliard,656541,OF,49,36
Rhys Hoskins,656555,1B,89,84
Zach McKinstry,656716,3B,37,17
Ryan O'Hearn,656811,1B,52,45
Emmanuel Rivera,656896,1B,21,11
Lane Thomas,657041,CF,42,31
Lane Thomas,657041,OF,132,115
Alex Verdugo,657077,LF,139,136
Alika Williams,675961,2B,20,15
Alex Verdugo,657077,OF,154,142
Ramón Laureano,657656,LF,20,20
Ramón Laureano,657656,OF,101,68
Keibert Ruiz,660688,C,112,105
Jesús Sánchez,660821,LF,11,7
Jesús Sánchez,660821,OF,119,99
Jesús Sánchez,660821,RF,108,92
Tyler Nevin,663527,3B,23,15
Joey Bart,663698,C,65,58
Matt Vierling,663837,LF,12,8
Matt Vierling,663837,OF,104,81
Romy González,663853,3B,12,6
Tyler Stephenson,663886,C,122,108
Brendan Rodgers,663898,2B,131,123
Nathaniel Lowe,663993,1B,132,129
Ty France,664034,1B,130,120
Myles Straw,664702,CF,4,1
Myles Straw,664702,OF,4,1
Kyle Isbel,664728,CF,131,115
Kyle Isbel,664728,OF,131,115
David Peralta,444482,OF,63,51
Daniel Schneemann,682177,CF,16,14
Kody Clemens,665019,LF,5,0
Kody Clemens,665019,OF,5,0
Griffin Conine,665052,OF,21,17
Griffin Conine,665052,RF,17,13
Leody Taveras,665750,CF,143,134
Leody Taveras,665750,OF,143,134
Jonathan Aranda,666018,1B,19,16
Josh Lowe,666139,OF,92,83
Josh Lowe,666139,RF,73,67
Dylan Carlson,666185,LF,33,22
Dylan Carlson,666185,OF,94,53
Adolis García,666969,OF,127,126
Adolis García,666969,RF,127,126
Jake Rogers,668670,C,88,82
Brice Turang,668930,2B,147,137
Adley Rutschman,668939,C,100,96
Brandon Marsh,669016,CF,49,31
Sean Murphy,669221,C,66,64
Tommy Edman,669242,CF,22,20
Tommy Edman,669242,OF,22,20
Santiago Espinal,669289,3B,63,53
Xavier Edwards,669364,SS,63,61
Jared Triolo,669707,3B,59,58
Yordan Alvarez,670541,LF,53,53
Yordan Alvarez,670541,OF,53,53
Taylor Walls,670764,SS,79,65
TJ Friedl,670770,CF,78,75
TJ Friedl,670770,OF,78,75
Lawrence Butler,671732,OF,120,100
Lawrence Butler,671732,RF,118,100
Michael Harris II,671739,CF,104,103
Michael Harris II,671739,OF,104,103
Michael Siani,672279,CF,104,92
Michael Siani,672279,OF,117,94
Gabriel Moreno,672515,C,88,78
Gustavo Campero,672569,OF,8,7
Gustavo Campero,672569,RF,7,7
Otto Lopez,672640,2B,98,90
Wenceel Pérez,672761,OF,107,88
Wenceel Pérez,672761,RF,78,65
Luis Robert Jr.,673357,CF,93,91
Luis Robert Jr.,673357,OF,93,91
Jacob Amaya,676070,SS,18,16
Eric Wagaman,676572,3B,11,11
José Caballero,676609,2B,29,20
Davis Schneider,676914,LF,93,73
Davis Schneider,676914,OF,93,73
Brayan Rocchio,677587,SS,139,118
José Tena,677588,2B,6,5
Ezequiel Duran,677649,3B,26,24
Bobby Witt Jr.,677951,SS,155,155
Parker Meadows,678009,CF,76,69
Parker Meadows,678009,OF,76,69
Luis Campusano,669134,C,86,74
Spencer Torkelson,679529,1B,84,84
Max Schuemann,680474,3B,25,21
Ryan Kreidler,668952,SS,26,17
Ryan Jeffers,680777,C,83,78
Zack Gelof,680869,2B,132,131
Jonah Bride,681146,1B,34,30
Logan O'Hoppe,681351,C,124,118
Connor Norby,681393,3B,24,24
Kerry Carpenter,681481,OF,46,38
Kerry Carpenter,681481,RF,43,35
Daniel Schneemann,682177,2B,6,3
Francisco Alvarez,682626,C,91,78
Angel Martínez,682657,3B,3,3
Elly De La Cruz,682829,SS,155,154
Anthony Volpe,683011,SS,154,153
Nasim Nuñez,683083,SS,27,15
Logan Driscoll,686482,C,11,8
Dylan Crews,686611,OF,28,25
Dylan Crews,686611,RF,24,22
Zach Neto,687263,SS,152,149
Joey Ortiz,687401,3B,128,118
Spencer Horwitz,687462,1B,38,29
Jace Jung,690291,3B,26,22
Colt Keith,690993,2B,127,120
Masyn Winn,691026,SS,143,138
Jackson Chourio,694192,LF,86,76
Jackson Chourio,694192,OF,147,130
Billy Cook,695257,LF,2,2
Billy Cook,695257,OF,9,8
Hunter Goodman,696100,C,21,17
Jacob Young,696285,CF,143,136
Jacob Young,696285,OF,143,136
Trey Sweeney,700242,SS,31,28
Connor Joe,656582,RF,44,35
Connor Joe,656582,OF,50,41
Tristan Gray,656484,3B,7,3
Bryan De La Cruz,650559,LF,55,50
Jason Heyward,518792,LF,6,4
Jason Heyward,518792,OF,82,60
George Springer,543807,OF,121,117
George Springer,543807,RF,120,116
Tyler Wade,642180,OF,20,3
Tyler Wade,642180,CF,2,1
Bryce Harper,547180,1B,138,138
Mark Canha,592192,1B,50,42
Curt Casali,592200,C,40,37
J.T. Realmuto,592663,C,96,96
Jorge Polanco,593871,2B,109,106
Ketel Marte,606466,2B,108,104
Trea Turner,607208,SS,113,113
Alex Bregman,608324,3B,139,139
Michael Conforto,624424,LF,105,94
Michael Conforto,624424,OF,105,94
Mike Tauchman,643565,LF,16,11
Mike Tauchman,643565,OF,79,54
Victor Robles,645302,OF,88,69
Victor Robles,645302,RF,32,27
Matt Chapman,656305,3B,149,148
Connor Wong,657136,C,102,96
Nico Hoerner,663538,2B,139,136
Kyle Tucker,663656,OF,67,65
Kyle Tucker,663656,RF,67,65
Cal Raleigh,663728,C,131,121
Dylan Moore,664238,3B,43,25
Jake McCarthy,664983,CF,59,54
Jake McCarthy,664983,OF,156,112
Tyler Fitzgerald,666149,SS,67,62
Randy Arozarena,668227,LF,136,131
Randy Arozarena,668227,OF,145,137
Brandon Marsh,669016,LF,99,77
Brandon Marsh,669016,OF,153,111
Luke Raley,670042,1B,39,31
Miles Mastrobuoni,670156,SS,10,6
Isaac Paredes,670623,3B,123,122
Patrick Bailey,672275,C,111,97
Geraldo Perdomo,672695,SS,92,90
Yainer Diaz,673237,C,100,97
Ernie Clement,676391,3B,96,72
Kyle Farmer,571657,1B,1,0
Jake Meyers,676694,CF,141,123
Jake Meyers,676694,OF,142,123
Davis Schneider,676914,2B,52,30
Julio Rodríguez,677594,CF,126,126
Anthony Rendon,543685,3B,51,50
Julio Rodríguez,677594,OF,126,126
Leo Jiménez,677870,2B,19,18
Addison Barger,680718,3B,32,25
Corbin Carroll,682998,OF,153,141
Corbin Carroll,682998,RF,74,67
Michael Busch,683737,1B,139,127
Nick Sogard,686765,3B,4,4
Pavin Smith,656976,OF,31,28
Pavin Smith,656976,LF,16,15
Jose Herrera,645444,C,40,31
J.P. Crawford,641487,SS,99,98
Cody Bellinger,641355,RF,47,44
Cody Bellinger,641355,OF,96,91
Kevin Newman,621028,2B,42,29
Victor Caratini,605170,1B,9,6
Trevor Story,596115,SS,22,22
Nick Castellanos,592206,RF,152,152
Nick Castellanos,592206,OF,152,152
Mike Yastrzemski,573262,RF,123,110
Mike Yastrzemski,573262,OF,131,116
Christian Walker,572233,1B,124,121
Eugenio Suárez,553993,3B,150,149
Christian Bethancourt,542194,C,59,41
Jose Altuve,514888,2B,145,144
Victor Scott II,687363,RF,3,0
Victor Scott II,687363,OF,49,39
Pete Crow-Armstrong,691718,OF,112,104
Pete Crow-Armstrong,691718,CF,112,104
Grant McCray,687529,OF,33,31
Grant McCray,687529,CF,33,31
Vaughn Grissom,687093,2B,25,24
Jonatan Clase,682729,OF,19,15
Jonatan Clase,682729,CF,5,3
Bryson Stott,681082,2B,133,123
Jarren Duran,680776,OF,182,155
Jarren Duran,680776,LF,81,68
Johan Rojas,679032,OF,115,101
Johan Rojas,679032,CF,115,101
Ceddanne Rafaela,678882,OF,84,69
Ceddanne Rafaela,678882,CF,86,69
Leo Jiménez,677870,SS,43,35
Wilyer Abreu,677800,RF,120,101
Wilyer Abreu,677800,OF,126,105
Luis Vázquez,676679,SS,5,1
Ernie Clement,676391,SS,36,30
Alejandro Kirk,672386,C,90,86
Heliot Ramos,671218,RF,7,5
Heliot Ramos,671218,OF,114,107
Heliot Ramos,671218,LF,47,45
Triston Casas,671213,1B,57,52
Casey Schmitt,669477,2B,17,13
Josh Rojas,668942,3B,127,104
Vladimir Guerrero Jr.,665489,1B,120,116
Jeremy Peña,665161,SS,154,154
Nathan Lukes,664770,OF,19,15
Nathan Lukes,664770,LF,9,7
Alec Bohm,664761,3B,126,124
Ildemaro Vargas,545121,2B,32,29
Jake Fraley,641584,CF,2,0
Matt Carpenter,572761,3B,1,0
Xander Bogaerts,593428,2B,85,85
Cody Bellinger,641355,1B,18,11
Charles Leblanc,641779,3B,5,3
Eli White,642201,2B,1,0
Tristan Gray,656484,1B,7,4
Nick Maton,665155,3B,2,2
Will Benson,666181,CF,43,32
Cal Stevenson,670276,RF,4,0
Jonny DeLuca,676356,LF,12,10
Chas McCormick,676801,CF,16,13
Chas McCormick,676801,LF,53,32
Jake Cave,595909,LF,31,22
Amed Rosario,642708,2B,26,20
Andruw Monasterio,655316,2B,20,15
Zach McKinstry,656716,LF,18,9
Kyle Schwarber,656941,LF,5,5
Kyle Schwarber,656941,OF,5,5
Ramón Laureano,657656,RF,67,39
Luken Baker,663609,1B,1,0
Jerar Encarnación,666464,1B,1,1
Tyler Freeman,671289,3B,8,1
Tyler Freeman,671289,CF,97,82
Tyler Freeman,671289,OF,97,82
Michael Stefanic,683021,3B,1,1
Spencer Horwitz,687462,2B,39,37
Michael Helman,680737,CF,3,0
Hunter Renfroe,592669,1B,1,0
Alika Williams,675961,SS,16,11
Austin Martin,668885,OF,77,56
Austin Martin,668885,LF,38,24
Oswaldo Cabrera,665828,2B,13,7
Kyle Farmer,571657,3B,28,12
DJ Stewart,621466,OF,37,28
DJ Stewart,621466,RF,26,21
Charles Leblanc,641779,1B,2,1
Mauricio Dubón,643289,RF,13,11
Luke Williams,663897,2B,8,6
Seth Brown,664913,RF,30,23
Mickey Moniak,666160,RF,16,15
Chas McCormick,676801,OF,104,72
Chas McCormick,676801,RF,40,27
Michael Helman,680737,LF,2,0
Michael Helman,680737,OF,6,1
Brandon Drury,592273,3B,16,13
Rob Refsnyder,608701,OF,83,51
Rob Refsnyder,608701,RF,37,20
Griffin Conine,665052,LF,4,4
José Fermín,665877,2B,11,8
Ryan Kreidler,668952,CF,1,0
Ryan Kreidler,668952,OF,2,0
Armando Alvarez,669137,LF,2,1
Armando Alvarez,669137,OF,2,1
Justyn-Henry Malloy,669234,LF,20,14
Justyn-Henry Malloy,669234,OF,21,14
Bryce Teodosio,669326,CF,4,4
Bryce Teodosio,669326,OF,4,4
Eric Wagaman,676572,LF,1,0
Eric Wagaman,676572,OF,1,0
Ceddanne Rafaela,678882,SS,83,71
Max Schuemann,680474,LF,5,3
David Hensley,682073,1B,4,3
Kiké Hernández,571771,LF,15,8
Kiké Hernández,571771,OF,25,14
Chris Taylor,621035,2B,19,13
Mauricio Dubón,643289,SS,5,3
Daulton Varsho,662139,CF,94,76
Daulton Varsho,662139,OF,162,123
Kody Clemens,665019,1B,14,10
Christopher Morel,666624,2B,21,20
Corey Julks,667452,LF,27,24
Ryan Kreidler,668952,3B,8,2
Justin Foscue,679822,2B,2,0
Luis Matos,682641,OF,46,33
Luis Matos,682641,RF,20,12
Shay Whitcomb,694376,2B,3,1
Jonathan Ornelas,680716,SS,5,2
DaShawn Keirsey Jr.,680577,OF,4,3
DaShawn Keirsey Jr.,680577,CF,4,3
Dairon Blanco,680118,RF,19,7
Dairon Blanco,680118,OF,69,33
Sandro Fabian,660758,RF,1,0
Sandro Fabian,660758,OF,2,1
Pavin Smith,656976,1B,17,5
Travis Jankowski,608671,CF,14,5
Ben Gamel,592325,LF,15,7
Randal Grichuk,545341,LF,14,11
Tommy Pham,502054,RF,53,41
Drew Romo,691011,C,12,12
Otto Lopez,672640,SS,8,6
Steven Kwan,680757,LF,112,112
Steven Kwan,680757,OF,112,112
Hunter Goodman,696100,OF,34,24
Hunter Goodman,696100,RF,27,19
Jake Fraley,641584,LF,5,3
Zach McKinstry,656716,OF,29,14
Zach McKinstry,656716,RF,11,5
Rece Hinds,677956,RF,18,10
Nick Sogard,686765,1B,1,0
Javier Sanoja,691594,2B,2,2
Will Wagner,695238,2B,21,19
Cal Stevenson,670276,LF,2,0
Buddy Kennedy,671083,3B,3,1
Ryan Noda,676116,1B,30,24
Wyatt Langford,694671,CF,13,12
Aramis Garcia,605244,C,3,2
Weston Wilson,642215,2B,4,2
José Fermín,665877,3B,11,3
Brandon Marsh,669016,RF,8,3
Ezequiel Duran,677649,LF,18,16
Ezequiel Duran,677649,OF,22,17
Bryson Stott,681082,SS,14,6
David Hensley,682073,OF,14,8
David Hensley,682073,RF,11,6
Daniel Schneemann,682177,LF,6,2
Daniel Schneemann,682177,OF,36,25
Billy Cook,695257,1B,2,2
Yasmani Grandal,518735,1B,2,0
Randal Grichuk,545341,OF,57,46
Randal Grichuk,545341,RF,43,35
Ben Gamel,592325,OF,43,26
Ben Gamel,592325,RF,28,19
Jesse Winker,608385,LF,77,70
Kevin Newman,621028,3B,5,1
Andy Ibáñez,628451,SS,4,0
Garrett Hampson,641658,LF,28,7
Tyler Wade,642180,3B,30,19
Mason McCoy,669200,SS,19,16
Lenyn Sosa,672820,3B,52,47
David Fry,681807,1B,21,17
Christian Vázquez,543877,1B,1,0
Kyle Farmer,571657,SS,13,4
Mark Canha,592192,3B,1,0
Brandon Nimmo,607043,CF,28,22
Luis Guillorme,641645,3B,15,10
Weston Wilson,642215,3B,5,4
Brandon Lowe,664040,1B,12,10
Kody Clemens,665019,3B,10,9
Spencer Steer,668715,SS,1,0
Luke Raley,670042,LF,61,47
Wenceel Pérez,672761,LF,2,2
Rece Hinds,677956,CF,2,0
Addison Barger,680718,LF,10,6
Thomas Saggese,695336,SS,2,2
Mike Yastrzemski,573262,CF,8,6
Francisco Lindor,596019,SS,148,147
Austin Barnes,605131,C,43,40
Kevin Newman,621028,LF,1,0
Kevin Newman,621028,OF,1,0
Mauricio Dubón,643289,3B,10,9
Connor Wong,657136,1B,14,6
Will Benson,666181,RF,45,33
Spencer Steer,668715,2B,7,2
Aaron Schunk,668845,2B,11,9
Buddy Kennedy,671083,2B,6,3
Jarred Kelenic,672284,LF,76,63
Jarred Kelenic,672284,OF,126,110
Alec Burleson,676475,1B,13,12
Jordyn Adams,677941,RF,6,5
Adrian Del Castillo,680728,C,24,19
Donovan Solano,456781,3B,32,28
Tyler O'Neill,641933,RF,49,34
Brian Serven,661531,C,27,19
Corey Julks,667452,OF,57,42
Corey Julks,667452,RF,28,17
Nick Allen,669397,SS,32,26
Gustavo Campero,672569,LF,1,0
Daniel Schneemann,682177,3B,17,12
Javier Sanoja,691594,LF,2,2
Blake Dunn,694362,LF,12,3
Jose Iglesias,578428,SS,6,1
Eli White,642201,CF,6,2
Zach McKinstry,656716,SS,47,35
Brandon Lockridge,663604,LF,4,0
Daz Cameron,663662,RF,20,14
Nick Allen,669397,2B,2,0
Zach DeLoach,676113,RF,7,7
Adam Duvall,594807,OF,95,74
Adam Duvall,594807,RF,46,43
Jon Berti,542932,2B,1,0
Edmundo Sosa,624641,3B,22,12
Nathan Lukes,664770,CF,3,3
Bo Bichette,666182,SS,81,81
Edouard Julien,666397,2B,89,70
Josh Rojas,668942,2B,11,7
Darren Baker,671117,LF,1,0
Darren Baker,671117,OF,1,0
Brett Wisely,689172,3B,3,2
Michael A. Taylor,572191,CF,103,79
Kevin Newman,621028,SS,55,48
Manuel Margot,622534,RF,40,29
Luis Guillorme,641645,2B,55,31
Luis Urías,649966,3B,37,28
Alex Verdugo,657077,RF,8,6
Romy González,663853,1B,20,10
Oswaldo Cabrera,665828,SS,5,3
Luis García Jr.,671277,2B,125,118
Isaac Collins,686555,2B,2,0
Coby Mayo,691723,3B,12,10
